Country,Target,Horizon,MAE,RMSE,R2
BE,solar,168h,41.17,94.37,0.8054
BE,solar,8760h,96.6,177.0,0.921
BE,wind,168h,73.99,102.49,0.7923
BE,wind,8760h,86.65,124.71,0.8765
BG,solar,168h,24.69,46.33,0.8604
BG,solar,8760h,34.72,60.92,0.9267
BG,wind,168h,62.45,74.87,0.6326
BG,wind,8760h,47.39,64.68,0.7421
CH,solar,168h,3.41,4.82,0.9037
CH,solar,8760h,10.33,18.8,0.9382
CH,wind,168h,1.64,2.48,0.7619
CH,wind,8760h,4.34,5.51,0.6197
CZ,solar,168h,19.06,44.93,0.8541
CZ,solar,8760h,69.5,119.68,0.9073
CZ,wind,168h,15.85,20.37,0.87
CZ,wind,8760h,24.51,28.71,0.7774
DK,solar,168h,4.89,9.36,0.9445
DK,solar,8760h,9.56,16.95,0.991
DK,wind,168h,104.14,164.53,0.9754
DK,wind,8760h,103.44,139.35,0.9758
DK_1,solar,168h,3.51,7.05,0.9323
DK_1,solar,8760h,9.35,17.13,0.9788
DK_1,wind,168h,90.73,130.74,0.9778
DK_1,wind,8760h,93.62,129.02,0.9699
DK_2,solar,168h,2.21,4.35,0.9019
DK_2,solar,8760h,7.06,11.97,0.9644
DK_2,wind,168h,22.08,29.25,0.9755
DK_2,wind,8760h,23.03,30.05,0.9711
EE,solar,168h,0.04,0.04,-3.7495640165311693e+28
EE,solar,8760h,0.32,0.59,-0.3993
EE,wind,168h,16.92,22.23,0.9339
EE,wind,8760h,16.32,21.82,0.8731
ES,solar,168h,190.31,292.09,0.9694
ES,solar,8760h,275.19,425.65,0.9509
ES,wind,168h,315.65,471.19,0.8055
ES,wind,8760h,622.21,846.73,0.9405
FR,solar,168h,102.41,213.41,0.9581
FR,solar,8760h,182.58,314.71,0.9693
FR,wind,168h,302.83,398.83,0.9559
FR,wind,8760h,492.31,672.71,0.9359
GR,solar,168h,43.85,85.8,0.9529
GR,solar,8760h,83.55,129.48,0.9484
GR,wind,168h,75.6,98.83,0.9294
GR,wind,8760h,99.31,131.53,0.9172
LT,solar,168h,0.44,0.73,0.7137
LT,solar,8760h,3.46,6.11,0.8353
LT,wind,168h,30.77,40.42,0.9396
LT,wind,8760h,39.6,50.0,0.8423
RO,solar,168h,15.4,27.72,0.9247
RO,solar,8760h,32.97,57.04,0.9376
RO,wind,168h,301.26,368.17,0.7034
RO,wind,8760h,235.92,306.36,0.7707
SI,solar,168h,2.55,5.37,0.9192
SI,solar,8760h,6.75,11.79,0.9226
SI,wind,168h,0.26,0.32,-0.2777
SI,wind,8760h,0.29,0.4,0.3462
