Country,Task,Model,Feature,NormalizedImportance
BE,solar,FFN,temp,0.2125
BE,solar,FFN,humidity,0.3703
BE,solar,FFN,cloudcover,0.095
BE,solar,FFN,wind_direction,0.0847
BE,solar,FFN,pressure,0.1509
BE,solar,FFN,hour,1.0
BE,solar,FFN,day,0.0253
BE,solar,FFN,month,0.0073
BE,solar,GRU,temp,0.1661
BE,solar,GRU,humidity,0.3312
BE,solar,GRU,cloudcover,0.1734
BE,solar,GRU,wind_direction,0.0138
BE,solar,GRU,pressure,0.0289
BE,solar,GRU,hour,1.0
BE,solar,GRU,day,0.0231
BE,solar,GRU,month,0.0096
BE,wind,FFN,temp,0.649
BE,wind,FFN,humidity,1.0
BE,wind,FFN,cloudcover,0.3367
BE,wind,FFN,wind_direction,0.2812
BE,wind,FFN,pressure,0.3918
BE,wind,FFN,hour,0.3703
BE,wind,FFN,day,0.2259
BE,wind,FFN,month,0.0503
BE,wind,GRU,temp,0.3678
BE,wind,GRU,humidity,0.759
BE,wind,GRU,cloudcover,0.1946
BE,wind,GRU,wind_direction,1.0
BE,wind,GRU,pressure,0.5978
BE,wind,GRU,hour,0.11
BE,wind,GRU,day,0.0441
BE,wind,GRU,month,0.0783
CH,solar,FFN,temp,0.3758
CH,solar,FFN,humidity,0.1395
CH,solar,FFN,cloudcover,0.1946
CH,solar,FFN,wind_direction,0.2224
CH,solar,FFN,pressure,0.0359
CH,solar,FFN,hour,1.0
CH,solar,FFN,day,0.0731
CH,solar,FFN,month,0.0305
CH,solar,GRU,temp,0.4644
CH,solar,GRU,humidity,0.0374
CH,solar,GRU,cloudcover,0.1955
CH,solar,GRU,wind_direction,0.0689
CH,solar,GRU,pressure,0.0487
CH,solar,GRU,hour,1.0
CH,solar,GRU,day,0.067
CH,solar,GRU,month,0.0052
CH,wind,FFN,temp,0.38
CH,wind,FFN,humidity,0.1827
CH,wind,FFN,cloudcover,0.7331
CH,wind,FFN,wind_direction,1.0
CH,wind,FFN,pressure,0.3289
CH,wind,FFN,hour,0.3516
CH,wind,FFN,day,0.9139
CH,wind,FFN,month,0.0823
CH,wind,GRU,temp,0.2512
CH,wind,GRU,humidity,0.1119
CH,wind,GRU,cloudcover,1.0
CH,wind,GRU,wind_direction,0.6635
CH,wind,GRU,pressure,0.4139
CH,wind,GRU,hour,0.4777
CH,wind,GRU,day,0.5367
CH,wind,GRU,month,0.1235
RO,solar,FFN,temp,0.4915
RO,solar,FFN,humidity,0.1484
RO,solar,FFN,cloudcover,0.076
RO,solar,FFN,wind_direction,0.0693
RO,solar,FFN,pressure,0.125
RO,solar,FFN,hour,1.0
RO,solar,FFN,day,0.0391
RO,solar,FFN,month,0.0212
RO,solar,GRU,temp,0.4606
RO,solar,GRU,humidity,0.144
RO,solar,GRU,cloudcover,0.1365
RO,solar,GRU,wind_direction,0.0746
RO,solar,GRU,pressure,0.1499
RO,solar,GRU,hour,1.0
RO,solar,GRU,day,0.0197
RO,solar,GRU,month,0.0139
RO,wind,FFN,temp,1.0
RO,wind,FFN,humidity,0.2796
RO,wind,FFN,cloudcover,0.3884
RO,wind,FFN,wind_direction,0.2225
RO,wind,FFN,pressure,0.512
RO,wind,FFN,hour,0.1853
RO,wind,FFN,day,0.7279
RO,wind,FFN,month,0.0661
RO,wind,GRU,temp,0.9842
RO,wind,GRU,humidity,0.1114
RO,wind,GRU,cloudcover,1.0
RO,wind,GRU,wind_direction,0.1472
RO,wind,GRU,pressure,0.2711
RO,wind,GRU,hour,0.4075
RO,wind,GRU,day,0.2645
RO,wind,GRU,month,0.1984
BG,solar,FFN,temp,0.096
BG,solar,FFN,humidity,0.1726
BG,solar,FFN,cloudcover,0.1715
BG,solar,FFN,wind_direction,0.062
BG,solar,FFN,pressure,0.0653
BG,solar,FFN,hour,1.0
BG,solar,FFN,day,0.0173
BG,solar,FFN,month,0.0181
BG,solar,GRU,temp,0.1195
BG,solar,GRU,humidity,0.1864
BG,solar,GRU,cloudcover,0.1821
BG,solar,GRU,wind_direction,0.0581
BG,solar,GRU,pressure,0.0966
BG,solar,GRU,hour,1.0
BG,solar,GRU,day,0.0037
BG,solar,GRU,month,0.0187
BG,wind,FFN,temp,0.2713
BG,wind,FFN,humidity,0.2164
BG,wind,FFN,cloudcover,0.1186
BG,wind,FFN,wind_direction,1.0
BG,wind,FFN,pressure,0.1509
BG,wind,FFN,hour,0.1728
BG,wind,FFN,day,0.2056
BG,wind,FFN,month,0.0682
BG,wind,GRU,temp,0.5586
BG,wind,GRU,humidity,0.2402
BG,wind,GRU,cloudcover,0.8932
BG,wind,GRU,wind_direction,1.0
BG,wind,GRU,pressure,0.4742
BG,wind,GRU,hour,0.1763
BG,wind,GRU,day,0.6466
BG,wind,GRU,month,0.0083
CZ,solar,FFN,temp,0.1911
CZ,solar,FFN,humidity,0.3416
CZ,solar,FFN,cloudcover,0.1109
CZ,solar,FFN,wind_direction,0.0598
CZ,solar,FFN,pressure,0.0827
CZ,solar,FFN,hour,1.0
CZ,solar,FFN,day,0.0492
CZ,solar,FFN,month,0.0217
CZ,solar,GRU,temp,0.1739
CZ,solar,GRU,humidity,0.2826
CZ,solar,GRU,cloudcover,0.1475
CZ,solar,GRU,wind_direction,0.0032
CZ,solar,GRU,pressure,0.0449
CZ,solar,GRU,hour,1.0
CZ,solar,GRU,day,0.0102
CZ,solar,GRU,month,0.0152
CZ,wind,FFN,temp,1.0
CZ,wind,FFN,humidity,0.8092
CZ,wind,FFN,cloudcover,0.2346
CZ,wind,FFN,wind_direction,0.46
CZ,wind,FFN,pressure,0.3387
CZ,wind,FFN,hour,0.5939
CZ,wind,FFN,day,0.6073
CZ,wind,FFN,month,0.1509
CZ,wind,GRU,temp,0.1082
CZ,wind,GRU,humidity,1.0
CZ,wind,GRU,cloudcover,0.3376
CZ,wind,GRU,wind_direction,0.2773
CZ,wind,GRU,pressure,0.5176
CZ,wind,GRU,hour,0.045
CZ,wind,GRU,day,0.0312
CZ,wind,GRU,month,0.071
SI,solar,FFN,temp,0.2577
SI,solar,FFN,humidity,0.3806
SI,solar,FFN,cloudcover,0.2637
SI,solar,FFN,wind_direction,0.0625
SI,solar,FFN,pressure,0.0595
SI,solar,FFN,hour,1.0
SI,solar,FFN,day,0.0259
SI,solar,FFN,month,0.0296
SI,solar,GRU,temp,0.2912
SI,solar,GRU,humidity,0.351
SI,solar,GRU,cloudcover,0.2336
SI,solar,GRU,wind_direction,0.0428
SI,solar,GRU,pressure,0.0341
SI,solar,GRU,hour,1.0
SI,solar,GRU,day,0.0431
SI,solar,GRU,month,0.0068
SI,wind,FFN,temp,0.3162
SI,wind,FFN,humidity,0.1047
SI,wind,FFN,cloudcover,0.1702
SI,wind,FFN,wind_direction,1.0
SI,wind,FFN,pressure,0.2288
SI,wind,FFN,hour,0.1038
SI,wind,FFN,day,0.5404
SI,wind,FFN,month,0.0229
SI,wind,GRU,temp,0.0932
SI,wind,GRU,humidity,0.1383
SI,wind,GRU,cloudcover,0.0983
SI,wind,GRU,wind_direction,1.0
SI,wind,GRU,pressure,0.3477
SI,wind,GRU,hour,0.1098
SI,wind,GRU,day,0.264
SI,wind,GRU,month,0.0444
