Country,Task,Model,Feature,Normalized Importance
BE,solar,FFN,temp,0.0362
BE,solar,FFN,humidity,0.099
BE,solar,FFN,cloudcover,0.0552
BE,solar,FFN,wind_speed,0.0292
BE,solar,FFN,wind_direction,0.0196
BE,solar,FFN,pressure,0.0476
BE,solar,FFN,shortwave_radiation,1.0
BE,solar,FFN,hour,0.6764
BE,solar,FFN,day,0.0192
BE,solar,FFN,month,0.0103
BE,solar,GRU,temp,0.1172
BE,solar,GRU,humidity,0.1264
BE,solar,GRU,cloudcover,0.0528
BE,solar,GRU,wind_speed,0.0487
BE,solar,GRU,wind_direction,0.0179
BE,solar,GRU,pressure,0.0132
BE,solar,GRU,shortwave_radiation,1.0
BE,solar,GRU,hour,0.8023
BE,solar,GRU,day,0.0445
BE,solar,GRU,month,0.0132
BE,wind,FFN,temp,0.0196
BE,wind,FFN,humidity,0.2487
BE,wind,FFN,cloudcover,0.1317
BE,wind,FFN,wind_speed,1.0
BE,wind,FFN,wind_direction,0.1111
BE,wind,FFN,pressure,0.0207
BE,wind,FFN,shortwave_radiation,0.1862
BE,wind,FFN,hour,0.118
BE,wind,FFN,day,0.047
BE,wind,FFN,month,0.0042
BE,wind,GRU,temp,0.0181
BE,wind,GRU,humidity,0.1501
BE,wind,GRU,cloudcover,0.1226
BE,wind,GRU,wind_speed,1.0
BE,wind,GRU,wind_direction,0.1786
BE,wind,GRU,pressure,0.0046
BE,wind,GRU,shortwave_radiation,0.1082
BE,wind,GRU,hour,0.0044
BE,wind,GRU,day,0.0195
BE,wind,GRU,month,0.0013
CH,solar,FFN,temp,0.2549
CH,solar,FFN,humidity,0.1184
CH,solar,FFN,cloudcover,0.1164
CH,solar,FFN,wind_speed,0.0912
CH,solar,FFN,wind_direction,0.0306
CH,solar,FFN,pressure,0.0249
CH,solar,FFN,shortwave_radiation,1.0
CH,solar,FFN,hour,0.4683
CH,solar,FFN,day,0.0477
CH,solar,FFN,month,0.0043
CH,solar,GRU,temp,0.3693
CH,solar,GRU,humidity,0.1059
CH,solar,GRU,cloudcover,0.036
CH,solar,GRU,wind_speed,0.0288
CH,solar,GRU,wind_direction,0.0317
CH,solar,GRU,pressure,0.0358
CH,solar,GRU,shortwave_radiation,1.0
CH,solar,GRU,hour,0.6125
CH,solar,GRU,day,0.0961
CH,solar,GRU,month,0.0106
CH,wind,FFN,temp,0.3511
CH,wind,FFN,humidity,0.098
CH,wind,FFN,cloudcover,0.3265
CH,wind,FFN,wind_speed,1.0
CH,wind,FFN,wind_direction,0.4803
CH,wind,FFN,pressure,0.2027
CH,wind,FFN,shortwave_radiation,0.0844
CH,wind,FFN,hour,0.3266
CH,wind,FFN,day,0.5874
CH,wind,FFN,month,0.0844
CH,wind,GRU,temp,0.2625
CH,wind,GRU,humidity,0.3044
CH,wind,GRU,cloudcover,0.4263
CH,wind,GRU,wind_speed,1.0
CH,wind,GRU,wind_direction,0.3646
CH,wind,GRU,pressure,0.2291
CH,wind,GRU,shortwave_radiation,0.2432
CH,wind,GRU,hour,0.142
CH,wind,GRU,day,0.1721
CH,wind,GRU,month,0.0766
RO,solar,FFN,temp,0.1938
RO,solar,FFN,humidity,0.0359
RO,solar,FFN,cloudcover,0.0264
RO,solar,FFN,wind_speed,0.1058
RO,solar,FFN,wind_direction,0.0824
RO,solar,FFN,pressure,0.0984
RO,solar,FFN,shortwave_radiation,1.0
RO,solar,FFN,hour,0.6517
RO,solar,FFN,day,0.0481
RO,solar,FFN,month,0.0103
RO,solar,GRU,temp,0.4077
RO,solar,GRU,humidity,0.0641
RO,solar,GRU,cloudcover,0.0904
RO,solar,GRU,wind_speed,0.0845
RO,solar,GRU,wind_direction,0.0986
RO,solar,GRU,pressure,0.1836
RO,solar,GRU,shortwave_radiation,0.8638
RO,solar,GRU,hour,1.0
RO,solar,GRU,day,0.0289
RO,solar,GRU,month,0.0234
RO,wind,FFN,temp,0.2654
RO,wind,FFN,humidity,0.0775
RO,wind,FFN,cloudcover,0.0992
RO,wind,FFN,wind_speed,1.0
RO,wind,FFN,wind_direction,0.0783
RO,wind,FFN,pressure,0.1561
RO,wind,FFN,shortwave_radiation,0.1238
RO,wind,FFN,hour,0.0734
RO,wind,FFN,day,0.3342
RO,wind,FFN,month,0.0466
RO,wind,GRU,temp,0.64
RO,wind,GRU,humidity,0.0863
RO,wind,GRU,cloudcover,0.721
RO,wind,GRU,wind_speed,1.0
RO,wind,GRU,wind_direction,0.1332
RO,wind,GRU,pressure,0.3199
RO,wind,GRU,shortwave_radiation,0.1598
RO,wind,GRU,hour,0.2959
RO,wind,GRU,day,0.2707
RO,wind,GRU,month,0.2024
BG,solar,FFN,temp,0.0294
BG,solar,FFN,humidity,0.0934
BG,solar,FFN,cloudcover,0.1795
BG,solar,FFN,wind_speed,0.0348
BG,solar,FFN,wind_direction,0.087
BG,solar,FFN,pressure,0.1109
BG,solar,FFN,shortwave_radiation,1.0
BG,solar,FFN,hour,0.4996
BG,solar,FFN,day,0.0228
BG,solar,FFN,month,0.0052
BG,solar,GRU,temp,0.0842
BG,solar,GRU,humidity,0.0722
BG,solar,GRU,cloudcover,0.1619
BG,solar,GRU,wind_speed,0.0773
BG,solar,GRU,wind_direction,0.0792
BG,solar,GRU,pressure,0.1333
BG,solar,GRU,shortwave_radiation,1.0
BG,solar,GRU,hour,0.7409
BG,solar,GRU,day,0.0072
BG,solar,GRU,month,0.004
BG,wind,FFN,temp,0.1283
BG,wind,FFN,humidity,0.2043
BG,wind,FFN,cloudcover,0.0637
BG,wind,FFN,wind_speed,1.0
BG,wind,FFN,wind_direction,0.7169
BG,wind,FFN,pressure,0.2016
BG,wind,FFN,shortwave_radiation,0.2722
BG,wind,FFN,hour,0.106
BG,wind,FFN,day,0.1861
BG,wind,FFN,month,0.0408
BG,wind,GRU,temp,0.0874
BG,wind,GRU,humidity,0.13
BG,wind,GRU,cloudcover,0.1058
BG,wind,GRU,wind_speed,1.0
BG,wind,GRU,wind_direction,0.0341
BG,wind,GRU,pressure,0.0448
BG,wind,GRU,shortwave_radiation,0.0933
BG,wind,GRU,hour,0.0619
BG,wind,GRU,day,0.0962
BG,wind,GRU,month,0.0086
CZ,solar,FFN,temp,0.0559
CZ,solar,FFN,humidity,0.0437
CZ,solar,FFN,cloudcover,0.0303
CZ,solar,FFN,wind_speed,0.1135
CZ,solar,FFN,wind_direction,0.0094
CZ,solar,FFN,pressure,0.0393
CZ,solar,FFN,shortwave_radiation,1.0
CZ,solar,FFN,hour,0.6966
CZ,solar,FFN,day,0.0102
CZ,solar,FFN,month,0.0064
CZ,solar,GRU,temp,0.1108
CZ,solar,GRU,humidity,0.1293
CZ,solar,GRU,cloudcover,0.0952
CZ,solar,GRU,wind_speed,0.0784
CZ,solar,GRU,wind_direction,0.0079
CZ,solar,GRU,pressure,0.036
CZ,solar,GRU,shortwave_radiation,1.0
CZ,solar,GRU,hour,0.6819
CZ,solar,GRU,day,0.021
CZ,solar,GRU,month,0.0146
CZ,wind,FFN,temp,0.0817
CZ,wind,FFN,humidity,0.0845
CZ,wind,FFN,cloudcover,0.0153
CZ,wind,FFN,wind_speed,1.0
CZ,wind,FFN,wind_direction,0.0896
CZ,wind,FFN,pressure,0.0586
CZ,wind,FFN,shortwave_radiation,0.0837
CZ,wind,FFN,hour,0.0374
CZ,wind,FFN,day,0.0194
CZ,wind,FFN,month,0.0246
CZ,wind,GRU,temp,0.0884
CZ,wind,GRU,humidity,0.0659
CZ,wind,GRU,cloudcover,0.0434
CZ,wind,GRU,wind_speed,1.0
CZ,wind,GRU,wind_direction,0.0284
CZ,wind,GRU,pressure,0.0049
CZ,wind,GRU,shortwave_radiation,0.0585
CZ,wind,GRU,hour,0.0063
CZ,wind,GRU,day,0.0195
CZ,wind,GRU,month,0.0054
SI,solar,FFN,temp,0.2377
SI,solar,FFN,humidity,0.3044
SI,solar,FFN,cloudcover,0.1798
SI,solar,FFN,wind_speed,0.0593
SI,solar,FFN,wind_direction,0.0664
SI,solar,FFN,pressure,0.1518
SI,solar,FFN,shortwave_radiation,1.0
SI,solar,FFN,hour,0.4515
SI,solar,FFN,day,0.0635
SI,solar,FFN,month,0.029
SI,solar,GRU,temp,0.2819
SI,solar,GRU,humidity,0.3913
SI,solar,GRU,cloudcover,0.1915
SI,solar,GRU,wind_speed,0.0184
SI,solar,GRU,wind_direction,0.0846
SI,solar,GRU,pressure,0.1185
SI,solar,GRU,shortwave_radiation,1.0
SI,solar,GRU,hour,0.8607
SI,solar,GRU,day,0.0507
SI,solar,GRU,month,0.0076
SI,wind,FFN,temp,0.231
SI,wind,FFN,humidity,0.1817
SI,wind,FFN,cloudcover,0.0989
SI,wind,FFN,wind_speed,0.6125
SI,wind,FFN,wind_direction,1.0
SI,wind,FFN,pressure,0.1853
SI,wind,FFN,shortwave_radiation,0.0405
SI,wind,FFN,hour,0.0843
SI,wind,FFN,day,0.4181
SI,wind,FFN,month,0.023
SI,wind,GRU,temp,0.2621
SI,wind,GRU,humidity,0.2551
SI,wind,GRU,cloudcover,0.05
SI,wind,GRU,wind_speed,0.5155
SI,wind,GRU,wind_direction,1.0
SI,wind,GRU,pressure,0.2775
SI,wind,GRU,shortwave_radiation,0.0911
SI,wind,GRU,hour,0.0447
SI,wind,GRU,day,0.4019
SI,wind,GRU,month,0.0771